doc_id,text,p_green,u,llm_green_suggested,llm_confidence,llm_rationale,is_green_human
8499675,"1. A system, including: an armored land vehicle; an electrical generator; and an electrode electrically coupled to the electrical generator and attached to and distally positioned from the armored land vehicle above land, wherein the electrode operates to form an electric field that enhances electrical discharge between the electrode and a buried improvised explosive device to electrically find the buried improvised explosive device and discharge thereto to ignite the buried improvised explosive device.",0.500048162438094,0.999903675123812,,,,
9752118,"1. A method of producing corneal endothelial cells (CECs), comprising contacting embryonic stem (ES) cells with Noggin and 4-[4-(1,3-benzodioxol-5-yl)-5-(2-pyridinyl)-1H-imidazol-2-yl]benzamide (SB431542) to induce differentiation of the ES cells into neural crest stem cells (NCSCs); and contacting the NCSCs with dickkopf-related protein 2 (DKK2), and platelet-derived growth factor subunit B (PDGFB), to induce differentiation of the NCSCs into CECs that express Na+/K+ ATPase, ZO-1, KLF13, AQP1, Collagen VIII, SLC16A3, CFTR, NBC1, Carbonic anhydrase II (CA2), Anion exchanger 2 (AE2/SCL4A2), Solute Carrier Family 16 A1 (SCL16A1), SCL16A3, Carbonic anhydrase 12 (CA12), Carbonic Anhydrase 4 (CA4), cystic fibrosis transmembrane conductance regulator (CFTR) and transcription factor FoxC1.",0.5000547504887543,0.9998904990224915,,,,
8729194,"1. A polyurethane resin obtained by reacting (1) a urethane prepolymer obtained by reacting, in a range of NCO/OH equivalent ratio of 1.6 to 2.5, (a) a mixture of, based on the whole amount of the mixture, 20 to 80 wt. % of a monool and 80 to 20 wt. % of a polyol, having on average 1.3 to 2.1 of terminal hydroxyl groups, and (b) a polyisocyanate, and (2 ) a compound of the following formula I: wherein R represents a methyl group or an ethyl group, R1 represents a methyl group or an ethyl group, R2 represents a hydrocarbon group having 2-10 carbon atoms, R3 represents a hydrocarbon group having 2-10 carbon atoms, and n is 1, 2, or 3.",0.5001012723670881,0.9997974552658238,,,,
9133427,"1. A process of making a malt-based beverage, the process comprising obtaining malt from barley grain which is homozygous for at least one genetic modification which results in 25% or less of the level of total hordeins when compared to a corresponding wild-tyke barley grain, mixing the malt with at least one other beverage ingredient to make a mixture, and processing the mixture to produce the malt-based beverage, wherein the malt produced from said grain comprises about 25% or less of the level of total hordeins when compared to malt produced in the same manner from corresponding wild-type barley grain.",0.5002055147745971,0.9995889704508059,,,,
9540659,"1. An adeno-associated virus (AAV) filler component comprising a nucleic acid having at least 90% identity to SEQ ID NO:1 or SEQ ID NO:2, wherein the nucleic acid is between 3500 and 4000 nucleotides.",0.5003175762826242,0.9993648474347516,,,,
8535783,1. An article comprising: a metallic substrate having: a ceramic coating along the first surface region.,0.500574541270222,0.9988509174595559,,,,
8627007,"1. A method comprising: receiving, at a controller of a data read/write system, first data to write to an address of a single port memory; receiving, at the controller, a request to read second data from the single port memory; determining, by the controller, a quantity of entries stored in a cache memory that is separate from the single port memory, transmitting, by the controller and when a determined quantity of entries including a dirty bit field indicating that the data stored in the data field has not been written back from the cache memory to the single port memory is greater than a threshold, a blocking notification, writing, by the controller and when the determined quantity is greater than the threshold, an entry, of the quantity of entries, to the single port memory based on a first priority, changing, by the controller and based on writing the entry, a value associated with the dirty bit field of the entry; storing, by the controller and when the determined quantity is less than the threshold, the first data in the cache memory based on a second priority, retrieving the second data from either the cache memory or the single port memory during a first system clock cycle; and copying the first data from the cache memory and storing the first data at the address in the single port memory during a second system clock cycle that is different than the first system clock cycle.",0.5006656048155004,0.9986687903689992,,,,
8811584,"1. A communication apparatus comprising: a direct-current direction detection unit configured to detect a change of direction of a direct-current on a telephone line through which the communication apparatus and an exchanger are coupled to each other; a voltage change detection unit configured to detect a change of voltage on the telephone line; a display unit configured to display a telephone number of a caller apparatus that is coupled to the telephone line; a first control unit configured to perform control such that a reception completion signal is transmitted to the exchanger when the telephone number is received from the exchanger; a first determination unit configured to determine that a polarity reversal of the telephone line occurs in a first period when the change of direction of the direct-current on the telephone line is detected in the first period, the first period being a period from the time when the telephone number is received to the time when the reception completion signal is transmitted; a second determination unit configured to determine that a polarity reversal of the telephone line occurs in a second period when the change of voltage on the telephone line is detected in the second period, the second period being a period from the time when the reception completion signal is transmitted to the time when a calling signal for calling the communication apparatus is received; and a second control unit configured to perform control such that the received telephone number is not displayed on the display unit, when it is determined that the polarity reversal of the telephone line occurs in at least one of the first period and the second period.",0.4991711981737124,0.9983423963474248,,,,
9096929,"1. A method for improving film uniformity on a substrate comprising: placing a first substantially flat surface opposite a nozzle and in a void region between elements of a transport mechanism; placing a second substantially flat surface in a second void region between elements of a transport mechanism and adjacent to the first substantially flat surface, placing an exhaust basket substantially directly beneath the first substantially flat surface; connecting the exhaust basket to a source of reduced pressure, the exhaust basket having an intake, the intake positioned beneath the nozzle and the first and second substantially flat surfaces; and introducing a vapor through the nozzle toward the first and second substantially flat surfaces; wherein the exhaust basket is configured to receive a portion of the vapor from the nozzle.",0.5008462981699233,0.9983074036601534,,,,
9624375,"1. A process for the preparation of compounds of general formula III wherein the variables have the following meaning R 1 , R 2 independently of each other a moiety of formula IIIa R 4 , R 5 independently of each other aryl or hetaryl, m 0 or 1, where in the case of m equal 1 R 2 is bound either to the 8 or 9 position of the perylene skeleton, R 3 identical or different radicals hydrogen, alkyl, cycloalkyl, aryl, hetaryl, alkoxy, aryloxy, arylthio, hetaryloxy, hetarylthio, diarylamino or dialkylamino, n 0, 1, 2, 3 or 4 Y oxygen or NR 12 , and R 12 hydrogen, alkyl, cycloalkyl, aryl or hetaryl, or a moiety of formula —Z-A, wherein A is —COOM, —SO M hydrogen, alkali metal cation or [NR′] R′ hydrogen or alkyl, where the radicals R′ may be identical or different, Z C comprising reacting a compound of general formula II wherein the variables have the following meaning Lg leaving group, m 0 or 1, where in the case of m equal 1 the one Lg is bound either to the 8 or 9 position of the perylene skeleton and is identical to the Lg bound to the 11 position, and the remaining variables R 3 , n and Y have the meaning as defined above with a compound or a mixture of compounds of general formula IIIa* in the presence of a palladium containing catalyst under the conditions of the Buchwald-Hartwig amination reaction.",0.5009459770017933,0.9981080459964133,,,,
8853945,"1. A method for operating an arrangement of equipment that comprises a pulse generator for generating electrical pulses, a microwave generator with a break-through voltage, and a transmission element, wherein the pulse generator is connected to the microwave generator for transmission of the electrical pulses via the transmission element, the transmission element acting in the arrangement of equipment as an impedance varying over time, the method comprising: setting each of the electrical pulses with a voltage characteristic that changes over time or a current intensity characteristic that changes over time such that the impedance of the transmission element is matched in operating mode to an impedance of the microwave generator when the break-through voltage is reached.",0.49900185345063935,0.9980037069012787,,,,
9324388,"1. A memory controller for allocating memory address space between dual in line memory modules (DIMMs), the memory controller comprising: a command queue; a line driver coupled with a memory bus, wherein the memory bus is coupled with first and second DIMMs, wherein the line driver drives signals on the memory bus; a memory protocol state machine to control the line driver; and an error correcting code unit to provide error correction for data received on the memory bus; the memory controller configured to: determine a memory mode; in response to determining a first memory mode, the first memory mode indicating to store data in first and second DIMMS using less than the entire address space of each of the first and second DIMMS, perform a first allocation of memory address space within the first and second DIMMs, each DIMM having a first address space portion and a second address space portion, wherein the respective first address space portions correspond with one another and the respective second address space portions correspond with one another, the first allocation including: subsequent to performing a first allocation of memory address space, determining a second memory mode, the second memory mode indicating to store data in a single DIMM, perform a second allocation of memory address space within the first and second DIMMs, the second allocation including:",0.5010018045354613,0.9979963909290774,,,,
9172391,"1. A sigma-delta analog to digital converter (ADC) comprising a decimation counter and a decimation filter, wherein the decimation counter is configured to start from a value greater than 0 to provide an adjustable delay.",0.49890350479324597,0.9978070095864919,,,,
9474034,"1. A communications mechanism for communicating between digital data devices, comprising: a respective receiver synchronization circuit associated with each of a first plurality of parallel lines supporting a parallel communications link for communicating data in a first direction from a first digital data device to a second digital data device, each respective receiver synchronization circuit being in the second digital data device, each receiver synchronization circuit outputting respective received data in a common clock domain; a power saving mechanism for temporarily powering down one or more respective components of each of one or more of said receiver synchronization circuits; a receiver re-synchronization mechanism which re-synchronizes the respective receiver synchronization circuit associated with each temporarily powered down line of said first plurality of parallel lines upon re-powering the line by matching a pre-determined data pattern transmitted by a respective transmitter circuit associated with the respective line in the first digital device with a corresponding pre-determined data pattern generated by the second digital data device to determine an adjustment of at least one parameter required for re-synchronization of the respective receiver synchronization circuit.",0.49888719095946804,0.9977743819189361,,,,
9644104,"1. A photopolymerizable composition comprising: diethylene glycol dimethacrylate; b1, where b1 is 1-[4-(2-hydroxyethoxy)-phenyl]-2-hydroxy-2-methyl-1-propane-1-on; b2, where b2 is 2-hydroxy-1-{4-[4-(2-hydroxy-2-methyl-propionyl)benzyl]phenyl}-2-methyl-1-propane-1-on; and b3, where b3 is oligo {2-hydroxy-2-methyl-1-[4-(1-methylvinyl)phenyl]propanone}, wherein a content of diethylene glycol dimethacrylate is 25% by weight or more, wherein a non-zero content of b2 is less than 2.5% by weight, and wherein a non-zero content of b3 is less than 3% by weight.",0.5011787339430449,0.9976425321139102,,,,
8840856,"1. A method for producing an imide salt represented by formula [1] wherein, R represents a halosulfonyl group (—SO reacting an alkali metal fluoride, a sulfuryl dihalide (SO wherein the alkali metal fluoride and the sulfuryl dihalide or phosphoryl halide are made coexistent in the reaction system firstly, followed by bringing ammonia or the ammonium salt into the reaction.",0.5011875390426219,0.9976249219147562,,,,
9648693,"1. A planar light illumination device comprising: a light guiding plate including a first light emitting unit and a second light emitting unit which are symmetrically arranged on two input sides of the light guiding plate, respectively, wherein the first light emitting unit has a first light emitter and a second light emitter, a color temperature of which is different from the first light emitter, and the second light emitting unit has a third light emitter and a fourth light emitter, a color temperature of which is different from the third light emitter; an ambient light sensor (ALS) configured to sense a color temperature of ambient lights, to transform the color temperature into a first color-temperature signal, and to transmit the first color-temperature signal; and a controller electrically connected with the first light emitter and the second light emitter of the first light emitting unit, the third light emitter and the fourth light emitter of the second light emitting unit, and the ALS; wherein the controller drives the first light emitter and the second light emitter of the first light emitting unit, the third light emitter and the fourth light emitter of the second light emitting unit to illuminate the lights and changes brightness of the first light emitter, the second light emitter, the third light emitter, and the fourth light emitter based on the first color-temperature signal sensed by the ALS.",0.5012571116777783,0.9974857766444434,,,,
8507672,"1. A compound of formula I: or a pharmaceutically acceptable salt thereof, wherein: X is O; Y is O or NR A is aryl; R R each R each R each R each R n is 0-8; and m is 0-4.",0.5014569226641638,0.9970861546716725,,,,
8772277,"1. A compound represented by the formula wherein A is a cyclic group optionally having substituent(s); L L L R ring G is a 4- to 10-membered saturated heterocycle containing one nitrogen atom as a ring-constituting hetero atom, which is optionally bridged and optionally has substituent(s); and E is a group represented by the formula or a salt thereof.",0.49837490271976703,0.9967498054395341,,,,
9853507,"1. A wireless power transfer apparatus comprising: a housing defining an interface surface for receiving a power receiving apparatus; a power supply; and a wireless power-transmitting structure coupled to the power supply and disposed within the housing below the interface surface, wherein the wireless power-transmitting structure comprises: wherein the power-transmitting structure is movable within the housing in at least a first direction in response to a magnetic force exerted against the plurality of magnets.",0.4983630798614951,0.9967261597229902,,,,
8846422,"1. A method for manufacturing an LED (light emitting diode) package structure, comprising: providing a substrate with a first electrode, a second electrode and a connecting layer formed on the substrate, the first electrode, the second electrode and the connecting layer being separated and electrically insulating from each other; forming a photoresist coating covering the substrate, the first electrode, the second electrode and the connecting layer; removing a portion of the photoresist coating to define a groove corresponding to the connecting layer; forming a metal layer in the groove to join the connecting layer; removing a remaining portion of the photoresist coating to form a concave surrounded by the metal layer; forming a reflective layer on an inside surface of the concave to join the metal layer, the reflective layer and the metal layer cooperatively forming a reflective cup; and mounting an LED chip in the reflective cup and electrically connecting the LED chip to the first and second electrodes.",0.4983269911339907,0.9966539822679814,,,,
9519814,"1. A device, comprising: a housing; a sensor supportably connected to the housing in a manner exposing the sensor to an environment, the sensor providing an environmental reading for the environment; an encoded information reader unit configured for outputting decoded data from decodable indicia; a memory; an interface bus communicatively coupling the sensor, the encoded information reader unit, and the memory, wherein the device comprises operating modes that collect environmental data from the sensor and store the environmental data in the memory in response to the decoding of the decodable indicia.",0.49826650178200343,0.9965330035640069,,,,
9603878,"1. A method of treating or reducing the likelihood of development of graft versus host disease (GVHD) in a subject receiving a transplant, comprising administering to the subject a probiotic composition comprising an isolated, human-derived population of anti-inflammatory bacterial cells, wherein said population comprises 3 or more strains of anti-inflammatory bacteria capable of increasing secretion of Interleukin 10 (IL-10) by human peripheral blood mononuclear cells (PBMCs) in vitro, and wherein the population of anti-inflammatory bacterial cells increases IL-10 secretion by human PBMCs by at least 80% or more relative to each strain individually, such that GVHD is treated or the likelihood that the subject develops GVHD is reduced.",0.501816019632066,0.996367960735868,,,,
8415492,"1. A bridged metallocene having the general Formula 1 below, where M 1 is a metal of Group IVb of the Periodic Table of the Elements, R R R where R 40 and R 41 , even when bearing the same index, are identical or different and optionally contain heteroatoms selected from the group consisting of Si, B, Al, O, S, N, P, Cl and Br, and are selected from the group consisting of a hydrogen atom, an alkyl group having from 1 to about 30 carbon atoms, an aryl group of from 6 to about 40 carbon atoms, a fluoroalkyl group of from 1 to about 10 carbon atoms, an alkoxy group of from 1 to about 10 carbon atoms, an aryloxy group of from 6 to about 10 carbon atoms, an alkenyl group of from 2 to about 10 carbon atoms, an arylalkyl group of from 7 to about 40 carbon atoms, an alkylaryl group of from 7 to about 40 carbon atoms, a substituted or unsubstituted alkylsilyl, an alkyl(aryl)silyl group, an arylsilyl group, and an arylalkenyl group of from 8 to about 40 carbon atoms, and wherein R 40 and R 41 together with the atoms connecting them optionally form one or more cyclic systems, x is an integer from 1 to 18, M R R R where R 301 is a linear, cyclic or branched hydrocarbon group selected from the group consisting of an alkyl group of from 1 to about 20 carbon atoms, an alkenyl group of from 2 to about 20 carbon atoms, an aryl group of from 6 to about 20 carbon atoms, an arylalkyl group of from 7 to about 40 carbon atoms, an alkylaryl group of from 7 to about 40 carbon atoms, or an arylalkenyl group of from 8 to about 40 carbon atoms, an alkoxy group of from 1 to about 20 carbon atoms, an aryloxy group of from 6 to about 20 carbon atoms, or a substituted or unsubstituted alkylsilyl group, an alkyl(aryl)silyl group and an arylsilyl group, wherein each of the groups optionally contains one or more hetero atoms selected from the group consisting of Si, B, Al, O, S, N and P, and optionally contain halogen atoms selected from the group consisting of F, Cl and Br, and where R 302 is a hydrocarbon group selected from the group consisting of a substituted or unsubstituted alkyl group of from 2 to about 20 carbon atoms, and an substituted or unsubstituted alkenyl group of from 3 to about 20 carbon atoms, and wherein those groups optionally contain one or more hetero atoms selected from the group consisting of Si, B, Al, O, S, N and P, and/or halogen atoms selected from the group consisting of F, Cl and Br, and further wherein R 302 forms a monocyclic ring with the β carbon atom, and R",0.5018231244390385,0.9963537511219229,,,,
9413361,"1. A system, comprising: a processor, wherein at least a portion of the processor is clocked by a system clock signal; a first clock source configured to generate a first reference clock signal; a second clock source configured to generate a second reference clock signal; wherein a frequency of the second reference clock signal is lower than a frequency of the first reference clock signal; and a clock generation unit configured to:",0.49793208400996486,0.9958641680199297,,,,
9034585,"1. A method of evaluating risk for developing a diabetic condition, the method comprising: obtaining biomarker measurement data, wherein the biomarker measurement data is representative of measurements of biomarkers in at least one biological sample from an individual; and evaluating risk for developing a diabetic condition based on an output from a model, wherein the model is executed based on an input of the biomarker measurement data; wherein said biomarkers comprise: (i) at least three biomarkers, where three of the biomarkers are selected from the RDMARKER sets listed in (ii) at least four biomarkers selected from RDMARKERS; or (iii) at least three biomarkers, where two biomarkers are selected from ADIPOQ; CRP; GLUCOSE; GPT; HBA1C; HSPA1B; IGFBP1; IGFBP2; INS; LEP; and TRIG; and one biomarker is selected from the ALLDBRISKS, CPs, and TLRFs of Table 1, Table 2, and Table 3; or (iv) at least three biomarkers, where at least one biomarker is selected from GLUCOSE and HBA1C; at least one biomarker is selected from ADIPOQ, CRP, GPT, HSPA1B, IGFBP1, IGFBP2, INS, LEP, and TRIG; and at least one biomarker is selected from the ALLDBRISKS, CPs, and TLRFs of Table 1, Table 2, and Table 3; or (v) at least three biomarkers, where at least two biomarkers are selected from the biomarkers within the group consisting of Core Biomarkers I and Core Biomarkers II and at least a third biomarker is selected from any of the biomarkers listed in Table 4.",0.49779577886107385,0.9955915577221477,,,,
9107906,"1. A method of producing a pooled plasma composition containing an elevated titer of respiratory syncytial virus (RSV) neutralizing antibodies and antibodies directed against one or more other respiratory pathogens comprising: 1) conducting a first assay to measure RSV neutralizing activity of plasma from individual human donors; 2) from donors demonstrating RSV neutralizing activity in the top 20% of the assayed population, purifying an immunoglobulin fraction and conducting an RSV titration curve measuring the RSV neutralizing titer of the immunoglobulin fraction, wherein donors with an immunoglobulin fraction RSV neutralizing titer of 1800 or above are categorized as high titer selected human donors; and 3) pooling plasma from 1000 or more donors including high titer selected human donors categorized according to step 2, wherein less than 50% of the donors are high titer selected human donors, such that the resultant pooled plasma comprises a titer of RSV neutralizing antibodies that is at least 3 times greater than the titer of RSV neutralizing antibodies in a control sample, and an antibody titer for one or more respiratory pathogens selected from parainfluenza virus 1, parainfluenza virus 2, coronavirus OC43 and coronavirus 229E that is at least 1.5 times greater than the antibody titer in the control sample, wherein the control sample is a mixture of plasma samples obtained from 1000 or more random human plasma donors.",0.5024001188273305,0.995199762345339,,,,
8609918,"1. A method of producing a para-substituted aromatic hydrocarbon, the method comprising: reacting a methylating agent and an aromatic hydrocarbon in the presence of a catalyst formed by coating MFI type zeolite having a particle size of not more than 100 μm with a crystalline silicate to produce the para-substituted aromatic hydrocarbon.",0.4975389503301638,0.9950779006603276,,,,
8671871,"1. A temperature-activatable time-temperature indicator comprising an optically readable, thermally sensitive indicator element, the indicator element being thermally inactive below a base temperature and being thermally responsive at or above an activation temperature to record irreversibly with respect to time cumulative ambient temperature exposure of the time-temperature indicator to temperatures above the activation temperature, the activation temperature being in the range of from about −10° C. to about 50° C. and being equal to or greater than the base temperature, and including an optically detectable indicator material, wherein the indicator material comprises a synthetic polymeric material having a molecular weight of at least about 2,000 Da and a viscosity at, or near, the activation temperature, when the indicator material is liquid, of at least about 50 cP, and wherein the time-temperature indicator is configured to be associated with a host product to monitor the historical exposure of the host product to ambient temperatures.",0.49744154333964996,0.9948830866792999,,,,
8710559,1. A back-illuminated solid-state imaging apparatus comprising: a transfer gate electrode formed on a semiconductor substrate; and a photoelectric conversion unit including,0.49741450028085604,0.9948290005617121,,,,
8562112,"1. A method of driving a piezoelectric actuator including: a piezoelectric element containing a piezoelectric body having a negative side coercive field point and a positive field side coercive field point, the piezoelectric body having asymmetrical bipolar polarization—electric field hysteresis characteristics in which an absolute value of the negative field side coercive field point and an absolute value of the positive field side coercive field point are different, a coercive field value being whichever of the negative side coercive field point and the positive side coercive field point has a larger absolute value, and a pair of electrodes for applying voltage to the piezoelectric body; and a diaphragm which externally transmits, as displacement, distortion produced in the piezoelectric body when the voltage is applied to the piezoelectric body, the method comprising the step of driving the piezoelectric actuator between a positive drive voltage and a negative drive voltage only in a range not exceeding the coercive field value.",0.4972515895517615,0.994503179103523,,,,
9818514,"1. A nanocomposite magnetic material, comprising: a magnetic electroplated metal matrix phase; and an inclusion phase of nanomaterials bound by the magnetic metal matrix phase, wherein the metal matrix phase is electrically connected to a conductive surface under the metal matrix phase, and wherein the inclusion phase comprises nanomaterials of a metal alloy with a dielectric shell.",0.5028095555973859,0.9943808888052281,,,,
9095803,"1. A neck-worn personal air filtration device for filtering aero-allergens from air flowing through the device, the device comprising: a blower adapted to provide an airflow; a collapsible U-shaped plenum comprising an upper surface and a lower surface, the upper and lower surfaces forming a neck portion and two chest portions, at least a portion of the upper surface of the plenum having an air permeable surface, the plenum being adapted to be worn about a neck of a user; a hose connecting the blower to the plenum; and a filter adapted to filter aero-allergen contaminants from the air flowing through the personal air filtration device, the blower being adapted to provide airflow to the plenum via the hose, the airflow being caused to accumulate within the plenum and exit the plenum through the air permeable surface.",0.49711290509143174,0.9942258101828635,,,,
8931238,"1. A ceramic board having a first face and a second face, wherein the first face and the second face are substantially parallel opposed, the first face having integral fins, webs, grooves, ridges, channels corrugations or an integral regular or irregular arrangement of indentations or protrusions extending over at least a portion of the first face; where the material composition of the board includes at least one of calcium silicate, gypsum, cement or magnesium oxide and where the first face and the second face are spaced from one another by at least one removably mountable spacer, wherein the plurality of discrete internal strengthening elements are at least partially exposed on at least one face of the board.",0.4970434768570224,0.9940869537140448,,,,
9246116,"1. A method of manufacturing a light-absorbing layer comprising semiconductor nanoparticles, the method comprising: forming a nanoparticles film by applying a solution of semiconductor nanoparticles on a substrate; thermally treating the nanoparticles film at least one time to cause adhesion among the nanoparticles; surface-treating the nanoparticles film in order to reduce a surface state of the nanoparticles film by (i) coating the nanoparticles film with a solution containing a ligand for surface treatment and (ii) drying the coated nanoparticles film; and forming a light-absorbing layer by applying a light-absorbing solution on the nanoparticles film, wherein each of the semiconductor nanoparticles has at least one of a tetrapod shape and a hyper-branched shape, wherein the method further comprises, before forming the nanoparticles film: dispersing the semiconductor nanoparticles in a solvent; and modifying surfaces of the semiconductor nanoparticles to an L-type ligand.",0.49700871579729694,0.9940174315945939,,,,
9185860,"1. A hybrid maize variety X90C510 seed, wherein representative seed is produced by crossing a first plant of variety PHWPD with a second plant of variety PH1M52, and wherein representative seed of said varieties PHWPD and PH1M52 have been deposited under ATCC Accession Number PTA-11978 and PTA-122235, respectively.",0.4969906796542105,0.993981359308421,,,,
9843166,"1. A spark plug comprising: a metallic shell having a through hole extending in a direction of an axis and having an opening at an open end; a cap that is located at a front side of the spark plug and covers the opening in the metallic shell; and a melt portion provided between the cap and the metallic shell, said melt portion joining the cap and the metallic shell to each other, wherein the cap and the metallic shell form a specific space surrounded by an inner surface of the cap and the inner peripheral surface of the metallic shell, the cap has a projection that extends from the peripheral edge of the cap into the specific space so as to form a gap between the metallic shell and the projection of the cap defining a channel communicating with the specific space and the melt portion, and the melt portion is exposed to the specific space so as to exhaust gas generated by welding into the gap.",0.49690133965401756,0.9938026793080351,,,,
9668092,"1. A device comprising: a processor, a display device, a communication interface and a memory storing a contact list comprising one or more groups and storing meeting data associated with a given group of the one or more groups, the meeting data including a meeting start time, the processor configured to:",0.5031256173203502,0.9937487653592996,,,,
9803073,"1. A heat resistant curable ethylene vinyl acetate (EVA) copolymer-polyamide blend composition comprising: (A) from about 99 wt % to about 95 wt % of an EVA component selected from the group consisting of (B) from about 1 wt % to about 5 wt % of one or more polyamides; wherein the weight percent of the polyamides and the EVA component are based on the total combined amount of EVA component and polyamides in the blend composition, the blend composition has a Mooney viscosity determined according to ASTM D1646, ML 1+4 at 100° C. less than 200, and the blend composition comprises polyamide particles dispersed in a continuous EVA copolymer matrix; and (C) a peroxide curative; wherein said curable composition, upon curing, forms a thermoset material.",0.5031820341085911,0.9936359317828178,,,,
9775322,"1. A lettuce plant designated 45-193 RZ, representative seed of which having been deposited under NCIMB Accession No. 42344, wherein said plant comprises at least the following combination of traits including resistance to downy mildew ( Bremia lactucae Regel) races B1:1 to B1:31 and CA-I to CA-VIII, currant-lettuce aphid ( Nasonovia ribisnigri ) biotype Nr:0, and root aphids ( Pemphigus bursarius ), and which has a medium head size, medium sized outer leaves, and moderately incised leaves.",0.5032066909232275,0.9935866181535451,,,,
9189439,"1. A system-on-a-chip (SoC) comprising: a plurality of cores; interface logic coupled to the plurality of cores, wherein the interface logic is permanently configured during manufacture to enable the SoC either as a first product stock keeping unit (SKU) with a first number of cores or as a second product SKU with a second number of cores for product differentiation; a chipset logic coupled to the interface logic and including a memory controller to provide for communication with a memory coupled to the SoC; and a virtual firewall logic coupled between the chipset logic and one or more of the plurality of cores, wherein the one or more cores are to be disabled during normal operation to enable the SoC with the first product SKU based on the permanent configuration of the interface logic for the first product SKU.",0.49678521840754575,0.9935704368150915,,,,
9750247,"1. A nematotoxic composition comprising, as active compounds: Palmitic acid; Trans-aconitic acid and/or glucose and, optionally, S-carboxymethylcisteine, wherein a combination of the palmitic acid, Trans-aconitic acid and/or glucose, and optionally S-carboxymethylcisteine exhibits synergy.",0.4967276939749539,0.9934553879499078,,,,
9539790,"1. A method of transferring discrete droplets of an adhesive to a corrugated sheet material comprising: applying said adhesive to a roller at an ambient temperature of 5° C. to 30° C., and transferring said adhesive to said corrugated sheet material, wherein the roller comprises a contoured outer surface having a series of grooves and ridges alternately positioned there along and encircling the outer surface of the roller; wherein a depth of the grooves is substantially 0.5 mm and a width of the grooves is substantially 1 mm, wherein an axis of the grooves intersects an axis of the corrugations of the sheet material such that discrete pear shaped or round shaped droplets of adhesive having a predetermined size are applied to crests on the corrugated sheet material, via troughs of the roller, upon contact being made there between, and wherein the discrete droplets applied to the crests on the corrugated sheet material are spaced with gaps between the droplets, such that compression of the droplets between the corrugated sheet material and a planar sheet results in the compressed droplets just meeting each other.",0.5034318556782262,0.9931362886435475,,,,
8719975,"1. A shower system comprising: an enclosure, the enclosure comprising: an exterior power button located on an exterior wall and configured to turn the shower system on or off; a control panel located on an interior wall; a thermostatic valve located on an interior wall, a mirror located on an interior wall; an overhead light attached to the top, and configured to stay on about one minute after powering off, the overhead light in communication with the exterior power button and the control panel; audio speakers located at the top, and in communication with the control panel and exterior power button, and configured with the control panel to provide audible alerts including indicating when the shower system has achieved the proper preselected water temperature; a phone system in communication with the control panel, and the control panel configured to allow a user to make calls via the phone system.",0.5034552451847755,0.9930895096304491,,,,
8914515,"1. A computer usable program product comprising a computer usable storage device including computer usable code for cloud optimization using workload analysis, the computer usable code comprising: computer usable code for identifying, using a processor and a memory, an architecture of a workload received for execution in a cloud computing environment, the cloud computing environment including a set of cloud computing resources; computer usable code for identifying and marking a section of the workload for static analysis; computer usable code for performing static analysis on the section to determine a characteristic of instructions in the workload, wherein the characteristic of the instructions is discernible from the workload without executing the workload, wherein the characteristic of the instructions is indicative of a certain type of resource that should be used for executing the instructions, wherein the characteristic of the instructions in the workload comprises one of (i) an instruction set architecture (ISA) used in the workload, (ii) a level of complexity of branch prediction in the instructions in the workload, (iii) a type of the instructions in a binary code of the workload, (iv) an indication of cache intensive nature of the workload, and (v) an indication of floating point intensive operations being present in the workload; computer usable code for selecting a subset of the set of cloud computing resources, such that a cloud computing resource in the subset is available for allocating to the workload and has a characteristic that matches the characteristic of the instructions in the workload as determined from the static analysis; and computer usable code for suggesting the subset of cloud computing resources to a job scheduler for scheduling the workload for execution.",0.5034569136080634,0.9930861727838731,,,,
8946541,"1. A photovoltaic device comprising: a first reflector element; a second reflector element spaced apart from and substantially parallel to the first reflector element; a holder mechanically coupled to the first reflector element and extending along a length between a first end and a second end, the holder comprising a holding cavity and defining a slit along the length of the holder; and a photovoltaic receptor having an active face and a reverse face opposite the active face, the photovoltaic receptor positioned in the holding cavity of the holder such that a central longitudinally extending band of the active face is exposed through the slit, wherein the second reflector element is positioned to reflect and concentrate incoming light onto the central longitudinally extending band of the active face; wherein the holder comprises a pair of webs extending from the reverse face of the photovoltaic receptor to the active face on opposite sides of the photovoltaic receptor and a pair of projections extending towards each other from the pair of webs, the pair of projections terminating at distal ends, the distal ends of the pair of projections defining the slit.",0.50349627173835,0.9930074565233,,,,
8659354,"1. A power-amplifier arrangement comprising: a pulse modulator configured to receive a digital input signal of the power-amplifier arrangement and generate, based on the digital input signal of the power-amplifier arrangement, an output signal of the pulse modulator with a plurality of quantization levels; wherein the pulse modulator has a plurality of output ports for representing the output signal of the pulse modulator and each output port of the pulse modulator is associated with a unique one of the quantization levels such that a signal output on the output port adopts: a first state when the output signal of the pulse modulator equals or exceeds the associated quantization level; or otherwise adopts a second state; and an amplifier section comprising:",0.5035266540133679,0.9929466919732641,,,,
9475728,"1. A toughened glass fabrication method comprising: mounting jigs on an upper surface and an undersurface of a raw glass such that an injection space through which a salt mixture gel is to be injected is defined between each of the jigs and the raw glass, thereby dispensing with a salt mixture containing bath for dipping the raw glass therein; injecting the salt mixture gel into the injection spaces; and heat-treating the raw glass on which the jigs are mounted.",0.5035963668946773,0.9928072662106453,,,,
9234672,"1. A valve element, comprising: a first side cap formed of a composite material, the first cap having a first shaft opening formed therein, the first shaft opening having female anti-rotation features formed therein; a second side cap formed of a composite material and spaced apart from the first side cap, the second cap having a second shaft opening formed therein, the second shaft opening having female anti-rotation features formed therein; an end cap formed of a composite material and disposed between the first and second side caps; a shell formed of a composite material, the shell coupled to and surrounding at least a portion of each of the first and second side caps and the end cap; a first seal groove formed in the first side cap; a second seal groove formed in the second side cap; and a third seal groove formed in the end cap, wherein the first, second, and third seal grooves are aligned with each other.",0.5036461657064145,0.992707668587171,,,,
9269044,"1. A method for event delivery in a neural network including multiple core circuits, wherein each core circuit comprises an electronic synapse array comprising multiple digital synapses interconnecting a plurality of digital electronic neurons such that each synapse interconnects an axon of a pre-synaptic neuron with a dendrite of a post-synaptic neuron, the method comprising: in each core circuit:",0.5036602862411934,0.9926794275176132,,,,
9670602,"1. Open-end spinning rotor ( 1 ), comprising a rotor shaft ( 2 ), a rotor cup ( 3 ) and a coupling device ( 4 ), which releasably connects the rotor shaft ( 2 ) and the rotor cup ( 3 ) and has a receiving element ( 5 ) connected to the rotor shaft ( 2 ) and an axle element ( 6 ) connected to the rotor cup ( 3 ), characterised in that the coupling device ( 4 ) comprises at least three clamping bodies ( 7 , 8 , 9 ), which are arranged between a contour ( 10 ) of the receiving element ( 5 ) and a contour ( 11 ) of the axle element ( 6 ), in that the contour ( 10 ) of the receiving element ( 5 ), the contour ( 11 ) of the axle element ( 6 ) and the clamping bodies ( 7 , 8 , 9 ) are configured in such a way that by driving the rotor shaft ( 2 ), a relative rotational movement is firstly produced between the receiving element ( 5 ) on the one hand and the clamping bodies ( 7 , 8 , 9 ) and the axle element ( 6 ) on the other hand, in that owing to the relative rotational movement, the clamping bodies ( 7 , 8 , 9 ) are clamped between the contour ( 11 ) of the axle element ( 6 ) and the contour ( 10 ) of the receiving element ( 5 ) and in that the drive torque is thereby transmitted from the rotor shaft ( 2 ) to the rotor cup ( 3 ), characterised further in that the contour ( 10 ) of the receiving element ( 5 ), the contour ( 11 ) of the axle element ( 6 ) and the clamping bodies ( 7 , 8 , 9 ) are configured in such a way that the clamping bodies ( 7 , 8 , 9 ), independently of the drive direction of the rotor shaft ( 2 ) when the rotor shaft ( 2 ) is driven, are clamped between the contour ( 10 ) of the receiving element ( 5 ) and the contour ( 11 ) of the axle element ( 6 ).",0.4962303973507466,0.9924607947014932,,,,
9598567,"1. A propylene-ethylene copolymer resin composition comprising, based on 100 parts by weight of the sum of the following (D) and (B): 97 to 65 parts by weight of a propylene-ethylene copolymer (D) produced with a metallocene catalyst and having the following properties (D-i) to (D-ii); and 3 to 35 parts by weight of a propylene-ethylene copolymer (B) having the following properties (B-i) to (B-ii), wherein the propylene-ethylene copolymer (D) comprises: 30 to 99% by weight of a propylene polymer component (D1) having the following properties (D1-i) to (D1-ii); and 1 to 70% by weight of a propylene-ethylene copolymer component (D2) having the following property (D2-i), and the propylene-ethylene copolymer (B) comprises, based on 100% by weight of the sum of (B1) and (B2): 65 to 95% by weight of a propylene polymer component (B1) having the following property (B1-i); and 5 to 35% by weight of a propylene-ethylene copolymer component (B2) having the following properties (B2-i) and (B2-ii), (D-i) the copolymer (D) has a melt flow rate MFR(D) of from 0.1 to 100 g/10 min; (D-ii) the copolymer (D) shows a single peak at 0° C. or less in a temperature-loss tangent (tan δ) curve in Dynamic Mechanical Analysis that represents glass transition observed in the range from −60 to 20° C.; (B-i) the copolymer (B) has an ethylene content E(B) of from 0.4 to 13 wt %; (B-ii) the copolymer (B) has a melt flow rate MFR(B) of from 0.5 to 20 g/10 min;",0.496122005696986,0.992244011393972,,,,
9593663,"1. A photo-ignition torch, comprising: an light source configured to generate at least one of ultraviolet, visible, and infrared light; a photo-ignitable sub-micron particle mix; and a transparent capsule proximate the light source and containing the photo-ignitable sub-micron particle mix, wherein the exposure of the photo-ignitable sub-micron particle mix to the at least one of ultraviolet, visible, and infrared light initiates a photo-ignition process causing a pressure increase in the transparent capsule and a release of burning byproducts of the photo-ignition process.",0.5039193971749824,0.9921612056500353,,,,
9444663,"1. A resource allocation apparatus in a cognitive radio system, comprising: processing circuitry configured to:",0.49584474207457757,0.9916894841491551,,,,
9460040,"1. A device for operation in a computer platform, the device comprising: a first interface to couple the device to a host bus of the computer platform, the host bus to provide communications referencing a shared address space, wherein the first interface to couple the device via the host bus to a first input/output (I/O) device; an aggregation control unit including circuit logic to receive resource information generated by a pre-boot software process of the computer platform, wherein the resource information is to identify the first I/O device as a child device of the device, wherein, based on the first I/O device being identified by the resource information as the child device, the aggregation control unit to represent a first resource in the first I/O device to a host operating system (OS) of the computer platform as a resource that resides in the device, including the aggregation control unit to represent a first address in the shared address space to the host OS as addressing the first resource, wherein memory map information is to identify the first address to the host OS as an address of the device, and wherein a communication of enumeration information is to be blocked to prevent an identification of the first I/O device, by the host OS, as a physical device that is distinct from the device; and a second interface to provide communications between the aggregation control unit and a processor core executing the host OS.",0.495794423280476,0.991588846560952,,,,
9614512,"1. A gate driver, comprising: a switching device; a pulse generator configured to generate a pulse signal; and a pulse transformer configured to generate a gate voltage based on the pulse signal and apply the gate voltage to the switching device, wherein the pulse generator is further configured to control the switching device by gradually increasing a frequency of the pulse signal so as to transition the switching device into an idle state.",0.5042212767690294,0.9915574464619412,,,,
9338850,"1. A range-activated dimming light fixture providing active glare control, comprising: a first dimmable light source for downwardly illuminating an activity volume terminating at a support surface; a rangefinder, operatively coupled with the first dimmable light source, for determining a distance between the first dimmable light source and a top of an object within the activity volume; and, a controller for determining a height between the top and the support surface, based on the distance, and configured to dim the first dimmable light source when the height exceeds a first threshold distance.",0.49571412780989216,0.9914282556197843,,,,
9554190,"1. A computer implemented method of controlling device use, the method comprising: receiving from a first user an indication of a schedule of required check-in communications, the schedule corresponding to a second user; determining via an agent on a mobile communication device when a check-in communication has been initiated by the second user using the mobile communication device pursuant to the schedule; and disabling at least one of an application or a functional component of the mobile communication device corresponding to the second user responsive to determining at least one check-in communication has not been received pursuant to the schedule.",0.49570003186001116,0.9914000637200223,,,,
9200135,1. A modified conjugated diene polymer comprising a group represented by the following formula 2: wherein to R′,0.5043639116440005,0.991272176711999,,,,
9002492,"1. A computer implemented method including a processor and memory comprising: identifying a plurality of predictive algorithms; identifying an error switching threshold that is based on a comparison of predictions of metrology data and actual metrology data; determining when to invoke a first adaptive predictive algorithm, a second adaptive predictive algorithm, or both first and second adaptive predictive algorithms to predict one or more virtual metrology variables in a manufacturing facility based on the error switching threshold; invoking the first adaptive predictive algorithm for updating a first component vector that is a zero'th order term of a virtual metrology prediction equation if an error is greater than the error switching threshold; and subsequently invoking the second adaptive predictive algorithm for updating the first component vector and a second component vector that represents a matrix of the virtual metrology prediction equation, wherein the first adaptive predictive algorithm is different than the second adaptive predictive algorithm, wherein the virtual metrology prediction equation includes a predicted output that is based on an input factor, the first component vector, and the second component vector.",0.5044822120505255,0.9910355758989491,,,,
9545595,"1. A method for the removal of contaminants, including at least benzene, from a carbon dioxide feeding liquid stream, originating from a carbon dioxide feeding gas stream, comprising the steps of: c. pressurizing and heating the carbon dioxide feeding liquid stream; and d. introducing the carbon dioxide feeding liquid stream into a flash column to provide a resulting benzene and NOx lean liquid stream and a carbon dioxide containing gaseous stream; e. pressurizing the resulting liquid stream leaving the flash column in step d; f. separating the liquid stream obtained in step d or e into a carbon dioxide-rich stripper off gas and a carbon dioxide-depleted liquid by means of stripping in a stripper column; and g. feeding a gaseous fraction of the carbon dioxide rich stripper off gas to the bottom of the flash column of step d.",0.49545841658808737,0.9909168331761747,,,,
9545978,"1. A system for providing an air lubricating layer between a substantially flat bottom of a hull of a displacement vessel and water flowing under a bottom as the vessel is moving through the water, comprising: sidewalls and a top wall defining a cavity with an opening situated in an interface plane that is transversal to the sidewalls, at a level of the substantially flat bottom, the opening having a front end and a rear end seen in a length direction of the cavity, an air inlet spaced from the opening and configured for introducing air into the cavity, a length of the opening of the cavity is between 2 and 10 m, and a distance of the top wall from the interface plane is between 0.2 m and 0.5 m, wherein the cavity has a width of between 0.5 m and 1.5 m, at least a portion of the rear end of the cavity sloping from the top wall to the interface plane in a rearward direction, the sloping portion extending to the position of a substantially horizontal bottom plane to intersect a bottom plane.",0.4952760136236841,0.9905520272473682,,,,
9347383,"1. An apparatus for actuating a first engine valve associated with a cylinder of an internal combustion engine, the internal combustion engine further comprising a first motion transfer mechanism for transferring motion from a first motion source to the first engine valve and a second motion transfer mechanism for transferring motion from a second motion source to at least one second motion sink, wherein the first motion source and the second motion source are uniquely associated with the cylinder, the apparatus comprising: a third motion transfer mechanism, configured to be operatively connected to the second motion source and the first engine valve, and further configured to transfer motion from the second motion source to the first engine valve; a motion decoupler, configured to be operatively connected to the first motion transfer mechanism and the first valve, and further configured to selectively discontinue transfer of motion from the first motion transfer mechanism to the first valve; and a reset mechanism, configured to be operatively connected to the second motion transfer mechanism and the third motion transfer mechanism, and further configured to selectively discontinue transfer of motion from the third motion transfer mechanism to the first engine valve based on operation of the second motion transfer mechanism.",0.5047881064510866,0.9904237870978267,,,,
8548692,"1. A travel vibration suppressing device of a work vehicle, connected to a hydraulic cylinder for operating a work machine and adapted to suppress vibration during vehicle travel, the travel vibration suppressing device comprising: an accumulator configured to be connected to the hydraulic cylinder; a control valve configured to bring about communication or blocking between the hydraulic cylinder and the accumulator; a vehicle speed detecting device configured to detect vehicle speed of the work vehicle; a work machine state determination section configured to determine whether the state of the work machine is an excavating state in which excavation is expected to be performed using the work machine, or a normal state in which excavation by the work vehicle is not performed; and a control unit configured to control the control valve according to the determination result of the work machine state determination section; wherein the control unit is configured to",0.5048691659081176,0.9902616681837648,,,,
8569087,"1. A method for producing an organic electronic element comprising the step of: forming functional layers by laminating an organic layer A on a substrate followed by laminating an organic layer B on the organic layer A, wherein the organic layer B is formed by coating using a fluorine containing solvent after the organic layer A is formed, the organic layer A is a light emitting layer that contains a light emitting compound having a molecular weight of 2,000 or less, wherein the fluorine containing solvent is a fluorine containing alcohol selected from the group consisting of 2,2,3,3,3-tetrafluoropropanol, 2,2,3,3,3-pentafluoropropanol, 2-trifluoromethyl-2-propanol, 2,2,3,3,4,4-hexafluorobutanol, 2,2,3,3,4,4,5,5-octafluoropentanol, 1,1,1,3,3,3-hexafluoro-1-propanol, 2,2,2-trifluoro-1-ethanol, 2,3-difluorobenzylalcohol, 2,2,2-trifluoroethanol, 1,3-difluoro-2-propanol, 1,1,1-trifluoro-2-propanol, 3,3,3-trifluoro-1-propanol, 2,2,3,3,4,4,4-heptafluoro-1-butanol, 2,2,3,3,4,4,5,5-octafluoro-1-pentanol, 3,3,4,4,5,5,5-heptafluoro-2-pentanol, 2,2,3,3,4,4,5,5,6,6,7,7,8,8,8,-pentadecafluoro-1-octanol, 3,3,4,4,5,5,6,6,7,7,8,8,8-tridecafluoro-1-octanol, 1H,1H,9H-perfluoro-1-nonanol, 1H,1H,2H,3H,3H,-perfluorononane-1,2-diol, 1H,1H,2H,2H-perfluoro-1-decanol, 1H,1H,2H,3H,3H-perfluoroundecane-1,2-diol, and mixtures thereof, and the organic layer B is an electron transport layer.",0.49510136430317553,0.9902027286063511,,,,
9657585,"1. An axial compressor comprising a liquid drop spray nozzle for feeding liquid drops to an operating fluid of the compressor as intake air, a casing for forming a flow path through which the operating fluid flows down and a plurality of stages, each of which is composed of one continuous rotor blade row and one continuous stator vane row, the axial compressor being structured so that the liquid drops evaporate inside the compressor, characterized in that: the casing is provided with a cavity therein, and the cavity is formed by an outer casing and an inner casing which is enclosing a periphery of the rotor blade rows at the plurality of stages and forming internally a flow path of the operating fluid, and another flow path is provided for feeding the operating fluid to the cavity on a downstream side of a region forming the cavity of the inner casing, wherein the another flow path is a flow path for feeding the operating fluid bled from an intermediate stage of the compressor via a bleed pipe as turbine cooling air for cooling a turbine driven by high-temperature combustion gas and connected to the cavity for feeding a part of the operating fluid to the cavity.",0.4949807912027674,0.9899615824055348,,,,
9347362,"1. A mounting system for a component of an exhaust system comprising: one or more end mounting brackets, each of the one or more end mounting brackets comprising an end mounting bracket vertical member having a first strap attachment opening, an end mounting bracket horizontal member having a second strap attachment opening, one or more end mounting bracket attachment openings extending through a portion of the end mounting vertical member or the end mounting horizontal member, and an end mounting bracket attachment strap configured to secure a component of an exhaust system to the end mounting bracket vertical member via the first strap attachment opening and the end mounting bracket horizontal member via the second strap attachment opening; and one or more intermediary mounting brackets, each of the one or more intermediary mounting brackets comprising an intermediary mounting bracket vertical member having a third strap attachment opening, an intermediary mounting bracket horizontal member having a fourth strap attachment opening, one or more intermediary mounting bracket attachment openings extending through a portion of the intermediary mounting bracket vertical member or the intermediary mounting bracket horizontal member, and an intermediary mounting bracket attachment strap configured to secure the component of the exhaust system to the intermediary mounting bracket vertical member via the third strap attachment opening and the intermediary mounting bracket horizontal member via the fourth strap attachment opening, wherein the one or more end mounting brackets and the one or more intermediary mounting brackets are configured to be selectively attached and detached from a mounting surface via one or more surface attachment members using the one or more end mounting bracket attachment openings or the one or more intermediary mounting bracket attachment openings, respectively.",0.494941087177838,0.989882174355676,,,,
8992926,"1. A method for treating rheumatoid spondylitis in a human subject, comprising administering subcutaneously to a human subject having rheumatoid spondylitis a total body dose of 40 mg of a human anti-TNFα antibody once every 13-15 days for a time period sufficient to treat the rheumatoid spondylitis, wherein the anti-TNFα antibody comprises an IgG1 heavy chain constant region; a variable light (“V L ”) chain region comprising a CDR1 having the amino acid sequence of SEQ ID NO:7, a CDR2 having the amino acid sequence of SEQ ID NO:5, and a CDR3 having the amino acid sequence of SEQ ID NO:3; and a variable heavy (“V H ”) chain region comprising a CDR1 having the amino acid sequence of SEQ ID NO:8, a CDR2 having the amino acid sequence of SEQ ID NO:6 and a CDR3 having the amino acid sequence of SEQ ID NO:4.",0.49481904572300806,0.9896380914460161,,,,
9581145,"1. A variable area fan nozzle comprising: a support member having a curved shape; first and second petals disposed adjacent to each other at different circumferential positions along the curved shape of said support member with a gap separating respective edges of said first and second petals, said first and second petals being coupled to said support member in a manner that allows each of said first and second petals to deflect inwardly or outwardly, wherein a width of said gap varies as said first and second petal deflect inwardly or outwardly and a first actuator comprising a first portion that spans said gap, and second and third portions connected to said first portion and respectively attached to marginal portions along said edges of said first and second petals, wherein said first portion is made of shape memory alloy having a characteristic that it undergoes a first shape change when its temperature is increased from below to above a transition temperature, wherein said first actuator is arranged to cause said first and second petals to deflect when said first portion of said first actuator undergoes said first shape change.",0.49470991656732444,0.9894198331346489,,,,
8525500,"1. A method comprising: operating a time delay circuit to detect passing of time; comparing a value stored in the time delay circuit to a pulse width modulation value, the pulse width modulation value specifying a duration for activating high side switch circuitry of a power supply to power a dynamic load; and based on results of the comparing i) initiating activation of high side switch circuitry in a first phase of the power supply, and ii) modifying the value of the time delay circuit by a predetermined value; wherein the value stored in the time delay circuit is a count value that decrements over time; wherein modifying the value of the time delay circuit by the predetermined value based on the results of the comparing includes: at a first point in time, in response to detecting that a magnitude of the count value is equal to the pulse width modulation value, adding the predetermined value to a setting of the count value at the first point in time; subsequent to the first point in time;",0.5053258242853409,0.9893483514293182,,,,
9854051,"1. A local server configured to communicate with a plurality of computing devices, the local server comprising: memory for storing instructions; a processor configured to execute the instructions to:",0.505388655230206,0.9892226895395879,,,,
9241177,"1. A system comprising: input interfaces to a first set of communication channels that form an incoming bonded channel group; first output interfaces to a second set of communication channels that form a first outgoing bonded channel group; second output interfaces to a third set of communication channels that form a second outgoing bonded channel group; and transbonding circuitry in communication with the input interfaces and the first and second output interfaces, the transbonding circuitry configured to:",0.494539715379916,0.989079430759832,,,,
9710169,"1. A method comprising: receiving, at a device controller, a first latch signal from a peripheral device that indicates start of an access operation at the peripheral device; setting, by the device controller, an internal delay signal to a first state based on the first latch signal; in response to setting the internal delay signal to the first state, setting a system bus data ready signal to the first state to indicate start of a wait state associated with the access operation at the peripheral device, wherein the internal delay signal is distinct from the system bus data ready signal; receiving a second latch signal from the peripheral device that indicates that the access operation is completed; and setting the system bus data ready signal to a second state to indicate completion of the wait state based on the second latch signal.",0.5055505004669751,0.9888989990660497,,,,
9290278,"1. A container, comprising: an outer shell comprising a material configured to withstand atmospheric stresses as the container passes through an atmosphere; an inner compartment configured to accommodate a space vehicle or a combination of a space vehicle and a rocket; and a deployable wing or parachute configured for deployment to guide the container back to a surface of the earth, wherein the outer shell is configured to open across a horizontal or vertical extent of the container so that the space vehicle or the combination of the space vehicle and the rocket are released from the inner compartment, wherein the container is configured to be launched from a surface of the earth, wherein the container is configured to release the space vehicle or the combination of the space vehicle and the rocket from the protective container once the protective container reaches a predetermined altitude above earth's surface, wherein the predetermined altitude is equal to or below 300,000 feet above the earth's surface.",0.49442311358092045,0.9888462271618409,,,,
9451547,"1. A method implemented by a user terminal of receiving downlink retransmission from a base station over a shared downlink traffic channel, said method comprising: transmitting to said base station an uplink message and a negative acknowledgement message with aligned timing, wherein the uplink message is in response to a successfully received uplink scheduling grant and the negative acknowledgement indicates that a previous downlink transmission from the base station was unsuccessful; and intermittently turning a receiver circuit on and off for a fractional portion of each subframe in a defined retransmission window comprising a plurality of subframes to listen for a downlink retransmission.",0.49433748154046586,0.9886749630809317,,,,
8946678,"1. A photodetector comprising: an array of semiconductor nanowires either standing vertically on a conducting substrate and capped by a conductor transparent to light, or lying horizontally on a non-conducting substrate and capped by conductors at both ends; and wire leads attached to the conductors and conducting substrate for connection to an electrical circuit; wherein an insulating layer is disposed between the semiconductor nanowires and one of the conductors or the conducting substrate at one end.",0.49425664210972553,0.9885132842194511,,,,
9297394,1. A transportation vessel comprising: at least one metal product having a surface comprising:,0.494189195880328,0.988378391760656,,,,
8857013,"1. Vacuum cleaning device, comprising a unit for aerodynamically affecting dust particles and/or a surface to be cleaned in order for the particles to become dislodged from the surface and to become airborne, wherein the unit comprises a housing having an internal space enclosed by a housing wall in which at least one opening is arranged, a movable surface which is integrated in the housing wall, and means for actuating the movable surface, which are adapted to realize an oscillating movement of the surface that causes air to alternately be drawn into the housing through the opening from various directions at the opening, and expelled from the housing through the opening in the form of a directed jet.",0.4941590418841491,0.9883180837682982,,,,
8952811,"1. A dual control method for door comprising a first performance stage performing door control by deciding either of an encoder mode or a sensorless mode as a primary operation mode to control the door; a transforming stage converting the said primary operation mode to another mode when a failure is sensed in said primary operation mode; and a second performing stage controlling the door by calculating a door moving distance depending on the converted primary operation mode, wherein the door moving distance is calculated using number of pulses from motor and screw pitch in case of said primary operation mode is the encoder mode in said first and second performing stages, and the door moving distance is calculated by using angular velocity of the motor and screw pitch in case of said primary mode is the encoder mode.",0.505871898125168,0.988256203749664,,,,
9080964,"1. A gas sensor element comprising: a laminate of a detection element and a heater; and a porous protection layer which entirely covers a forward end portion of the laminate, wherein the detection element has at least one cell composed of a solid electrolyte body and a pair of electrodes disposed on the solid electrolyte body; the heater has an insulating ceramic body and a heat-generating element provided in the insulating ceramic body and adapted to generate heat by passing electric current therethrough; and the laminate has at least one measuring chamber which is formed in its forward end portion, into which a gas-to-be-measured is introduced from an ambient atmosphere via a diffusion resistor, and which one of the pair of electrodes faces, the gas sensor element being characterized in that the porous protection layer comprises an inner porous layer disposed externally of the diffusion resistor and covering at least the diffusion resistor, and an outer porous layer formed externally of the inner porous layer and entirely covering the forward end portion of the laminate; the inner porous layer has a higher porosity than the outer porous layer; the porosity of the inner porous layer is 50% to 75% and the porosity of the outer porous layer is 30% to 50%; the inner porous layer has a higher porosity than that of the diffusion resistor; and as viewed in a plurality of 100 μm×100 μm regions on a scanning electron micrograph of sections of the inner porous layer and the diffusion resistor, a pore diameter greater than a greatest pore diameter C",0.4939599171528348,0.9879198343056697,,,,
8872038,"1. An anisotropic conductor comprising: an insulating base that is formed by using a rubber elastic material; a conductive section that penetrates the base in the thickness direction, the conductive section being exposed from the base to form a conductive contact; and an adhesive section that is exposed from the conductive contact-formed surface of the base to form an adhesive surface, wherein an intermediate sheet is provided between the base and the adhesive section, the intermediate sheet exhibiting adhesiveness to the base, and has a substantially same size in plan view as that of the adhesive section.",0.4939542749991245,0.987908549998249,,,,
9016808,"1. A vehicle brake device comprising: a hydraulic brake device that generates a base hydraulic pressure by a master cylinder in dependence on the stepping-on of a brake pedal and that applies the generated base hydraulic pressure directly to wheel cylinders of respective wheels connected to the master cylinder through oil passages provided with hydraulic control valves thereon, to make the respective wheels generate a base hydraulic brake force corresponding to the base hydraulic pressure; and a regenerative brake device that makes some of the wheels generate a regenerative brake force; wherein the hydraulic brake device and the regenerative brake device are brought into cooperative operations to apply a vehicle brake force corresponding to the manipulation state of the brake pedal, to a vehicle based on the base hydraulic brake force and the regenerative brake force; and wherein: the hydraulic chamber of the master cylinder is provided with a master cylinder-side port being in communication with a reservoir tank; a piston being slidden in the hydraulic chamber is provided with a first piston-side port facing on the master cylinder-side port and a second piston side port separated from the first piston-side port by a predetermined distance in a pressure increasing direction of the piston and facing the master cylinder-side port; wherein before the stepping-on of the brake pedal, the hydraulic chamber is in communication with the reservoir tank through the first piston-side port and the second piston-side port; with the stepping-on start of the brake pedal, the hydraulic chamber is blocked from communication with the reservoir tank through the second piston-side port; while the brake pedal is moved from the stepping-on start by the predetermined distance in the pressure increasing direction, the hydraulic chamber is kept to communicate with the reservoir tank through the first piston-side port; when the piston moves beyond the predetermined distance, the hydraulic chamber is blocked from communication with the reservoir tank through the first piston-side port and the second piston-side port; and the first piston-side port is provided with an orifice that is configured to restrict the flow of brake fluid from the master cylinder to the reservoir tank at the time of a quick stepping of the brake pedal but not to restrict the flow at the time of a non-quick stepping.",0.5060556442469827,0.9878887115060346,,,,
8675630,"1. A method for wireless communications, comprising: assigning a unique IP mobility anchor identifier to each of a plurality of IP mobility anchors associated with a mobile device for providing a plurality of associated services, the IP mobility anchors selected from the group consisting of Home Agents (HAs) and Local Mobility Anchors (LMAs); negotiating an IP flow reservation for each service between the mobile device and the respective IP mobility anchor for each IP mobility anchor identifier; signaling a request from the mobile device to associate an IP flow of each negotiated IP flow reservation with an IP tunnel to a particular IP mobility anchor; and multiplexing multiple simultaneous connections from the mobile device to the plurality of IP mobility anchors in the mobile IP network by sending packets for each service through each respective IP flow and associated IP tunnel to each of the plurality of IP mobility anchors.",0.5060601082735732,0.9878797834528537,,,,
8423222,"1. A vehicle drive device, comprising: an input member drivingly coupled to an internal combustion engine; an output member drivingly coupled to wheels; a first rotating electrical machine; a second rotating electrical machine; a differential gear unit having at least three rotating elements; and a control device; and a one-way clutch that restricts negative rotation of the input rotating element, wherein the first rotating electrical machine, the input member, and the output member are respectively drivingly coupled to the different rotating elements of the differential gear unit with none of the rotating elements of the differential gear unit other than the coupled rotating element interposed therebetween, the second rotating electrical machine is drivingly coupled to one of the rotating elements of the differential gear unit other than the rotating element to which the first rotating electrical machine is drivingly coupled and an input rotating element, which is the rotating element to which the input member is drivingly coupled, with none of the remaining rotating elements of the differential gear unit interposed therebetween, and the control device includes a rotation change detecting portion that detects an output rotation abrupt change state in which an absolute value of rotational acceleration of the output member is equal to or larger than a predetermined value, and a restriction avoidance control portion that executes, if the output rotation abrupt change state is detected in a low rotation state in which a rotational speed of the input rotating element is lower than a predetermined control threshold value, restriction avoidance control in which a rotational speed of the first rotating electrical machine is controlled so that the rotational speed of a input rotating element becomes equal to or higher than the control threshold value.",0.506109308718084,0.987781382563832,,,,
9548730,"1. A circuit, comprising: a first FET having a corresponding first size; a first resistive element having a first end coupled to a gate of the first FET; a second FET having a corresponding second size and a drain coupled to the gate of the first FET; and a second resistive element having a first end coupled to a gate of the second FET and a second end coupled to a second end of the first resistive element, wherein a ratio of the first size to the second size is in a range R wherein each of the first and second FETs is a depletion-mode device.",0.49369589944752884,0.9873917988950577,,,,
9728724,"1. A polymer which comprises at least one structural unit of formula (II): where the symbols and indices used have the following meanings: Ar m is 0 or 1; n is 0, 1 or 2; the dashed lines represent bonds to the next structural unit of the polymer; with the proviso that, if n=1, the two N atoms bond to different C atoms of the same aromatic ring system, wherein the polymer comprises 1-30 mol % of at least one structural unit according to formula (II), and wherein the polymer comprises at least one further structural unit which is different from the structural unit of the formula (II) which is selected from the group consisting of",0.5063635286850875,0.987272942629825,,,,
9180219,"1. A composition comprising honey and a super-absorbent polymer fiber, which super-absorbent polymer fiber provides a lattice structure and is impregnated with the honey, wherein (a) the super-absorbent polymer fiber comprises a cross-linked polymer of acrylic acid and methacrylate; (b) the honey utilizes less than 50% of the super-absorbent polymer fiber's absorbent capacity; (c) the weight ratio of honey to super-absorbent polymer fiber is at least 2:1; and (d) the superabsorbent polymer fiber is able to absorb, in water, at least 10 times its dry weight whilst retaining structural integrity of the composition.",0.5063765525136111,0.9872468949727777,,,,
8467218,"1. A circuit block for an integrated circuit, comprising: a plurality of programmable regions; a pin adapter circuit coupled to a plurality of pins for connection to external circuitry; a first interconnect having a first primary port and a first plurality of secondary ports, said first plurality of secondary ports coupled to said plurality of programmable regions, and said first primary port coupled to said pin adapter circuit; a second interconnect having a second primary port and a second plurality of secondary ports, said second plurality of secondary ports coupled to said plurality of programmable regions, and said second primary port coupled to said pin adapter circuit; wherein said second interconnect is characterized by a bandwidth no greater than that of said first interconnect.",0.4935615893817024,0.9871231787634048,,,,
8853226,1. A method of treating chronic obstructive pulmonary disease (COPD) comprising administering to a human a compound of Formula (I) or a pharmaceutically acceptable salt thereof: wherein: A A U is N; V is C—(CH W is C—(CH X is C—(CH Y is C—(CH Z is C—(CH R R wherein,0.49354892205897505,0.9870978441179501,,,,
9101008,"1. A light emitter driving device comprising: a decoder portion that monitors a rectified voltage and generates a dimming signal and a bleeder control signal; a bleeder control portion that performs drive control of a bleeder circuit based on the bleeder control signal input from the decoder portion, the bleeder circuit generating a bleeder current; and a drive current control portion that controls a drive current for the light emitter in accordance with the dimming signal; wherein the decoder portion includes:",0.49346433940142437,0.9869286788028487,,,,
8999771,"1. A method for forming a thin-film transistor, comprising: forming a via in a planarization layer; depositing a protection layer over the planarization layer; depositing a common electrode layer over the protection layer; depositing a metal layer over the common electrode layer; etching a portion of the common electrode layer and the metal layer to form a remainder of the metal layer; depositing a passivation layer over a portion of the protection layer, a portion of the common electrode and the remainder of the metal layer; etching a portion of the passivation layer and a second portion of the protection layer; and coating the via with a conductive material.",0.49314336468988945,0.9862867293797789,,,,
9151255,"1. A spill resistant fuel supply system for a marine engine, the fuel supply system comprising: a vapor separator having: a high pressure pump configured to pump fuel under positive pressure from the vapor separator chamber to an internal combustion engine; a containment housing that includes surrounding walls that enclose a containment space that (i) contains the vapor separator and the high pressure pump and (ii) is configured to contain fuel leaked from the vapor separator and from the high pressure pump, wherein the containment space is isolated by the vapor separator housing from the vapor separator chamber, and wherein at least one of the walls is an insulating wall, and wherein the insulating wall extends in a longitudinal direction and a lateral direction that are perpendicular to each other; a laterally-extending series of openings along a laterally-extending edge of the insulating wall; chambers that are within the insulating wall and elongated in the longitudinal direction and spaced apart in the lateral direction, wherein each of the chambers extends longitudinally from a respective one of the openings to a closed end of the respective chamber; a series of plugs, each plug being inserted in a respective one of the openings to seal the opening, leaving an air space that extends, within the respective chamber, from the respective plug to the closed end of the respective chamber; and a strip that gangs the plugs together, with a spacing between adjacent plugs that matches a spacing between adjacent openings, to facilitate inserting the plugs into the openings simultaneously, wherein the strip is attached to each plug at an end of the plug that projects longitudinally-away from the closed end of the respective chamber.",0.49309264227050476,0.9861852845410095,,,,
9225034,"1. An electrode having an asymmetric structure, comprising: a planar sheet of material having a first end and an opposed second end, and a tab extending away from the first end of the planar sheet, wherein the planar sheet has a generally rectangular perimeter, with at least one corner of the perimeter having an asymmetric structure with respect to a central axis normal to the planar sheet, wherein the planar sheet extends along a length direction, extends along a width direction, defines a maximum length along the length direction, and defines first and second linear edges spaced apart along the width direction, each of the first and second linear edges being shorter than the maximum length, wherein the first and second linear edges each include a first endpoint adjacent the first end of the planar sheet and a second endpoint adjacent the second end of the planar sheet, wherein the perimeter of the planar sheet at the first and second endpoints of each of the first and second linear edges extends toward the opposing linear edge in a direction substantially parallel to the width direction, and wherein a depth of the first endpoints measured from the first end of the planar sheet is smaller than a depth of the second endpoints measured from the second end of the planar sheet.",0.49308109436805236,0.9861621887361047,,,,
8728218,"1. A sorbent substrate for CO 2 capture, the sorbent substrate comprising: a plurality of sorbent filaments, each sorbent filament of the plurality of sorbent filaments comprising a matrix of sorbent material in which a plurality of through-channels are formed such that the plurality of through-channels extend through the matrix of sorbent material from a first end of each sorbent filament to a second end of each sorbent filament in an axial direction of each sorbent filament, wherein:",0.49306941874209437,0.9861388374841887,,,,
9310140,"1. A method of thermal enhancement, the method comprising: inducing a phase transition in a storage material; combining a freeze point suppressant with the phase-transitioned storage material; boosting one or more devices thermally utilizing the combined freeze point suppressant and storage material; and separating the combined freeze point suppressant and storage material.",0.5069360786830478,0.9861278426339044,,,,
8637558,1. A thiazolidinedione derivative having a formula selected from the group consisting of or a pharmaceutically acceptable salt thereof.,0.5069845724767857,0.9860308550464285,,,,
9677642,"1. A torque damper apparatus comprising: an input member to which an engine torque is inputted; damper springs configured to absorb variation of torque inputted from the input member; and a driving power of the engine configured to be transmitted to an output shaft of a vehicle via the input member and the damper springs, wherein: the damper springs comprise a plurality of coil springs arranged along a circumference of the input member; the torque damper apparatus further comprises a first separate member and a second separate member interposed between the damper springs and configured to be independently rotated with respect to each other when the engine torque is transmitted thereto; wherein the first separate member has an outer wall portion positioned at an outer side of the damper springs so that it opposes the outer side surfaces of the damper springs; and wherein the second separate member has an inner wall portion positioned at an inner side of the damper springs so that it opposes to the inner side surfaces of the damper springs.",0.5069964636002493,0.9860070727995014,,,,
8486617,"1. A process for making freeze-dried platelets, said process comprising: incubating isolated platelets in the presence of at least one saccharide under the following conditions: a temperature of from 20° C. to 42° C. for about 10 minutes to about 180 minutes, adding to the platelets at least one cryoprotectant, and lyophilizing the platelets, wherein the process does not include isolating the platelets between the incubating and adding steps, and wherein the process does not include exposing the platelets to a platelet activation inhibitor.",0.5071742947664868,0.9856514104670264,,,,
8393276,"1. A cable transportation system comprising: a pull cable; at least one transportation unit configured to: at least one passenger station positioned where the at least one transportation unit is detached from the pull cable; and an auxiliary drive device extending along the at least one passenger station and configured to move the at least one transportation unit along a portion of said designated path, said auxiliary drive device including a linear electric motor having a linear stator extending along said portion of said designated path, said linear stator including an elongated body having two opposite parallel faces, each facing a slide associated with the at least one transportation unit.",0.507261151738934,0.9854776965221319,,,,
9777866,"1. A non-contact flow control system having a totally sealed cavity, comprising a housing, a flow control unit, and an operation unit; wherein the housing comprises a fluid inlet, a fluid outlet, and a fluid channel extending between the fluid inlet and the fluid outlet; the flow control unit is set in the fluid channel and the operation unit is set on an outer side of the housing, wherein the operation unit comprises an operation element and an outer magnet fixed on the operation element; the flow control unit comprises a flow control element and an inner magnet fixed on the flow control element; when the operation element moves relative to the housing, the flow control element moves under the action of a magnetic force between the outer magnet and the inner magnet, thereby changing the flow of the system, wherein the section of the fluid channel is circular; the flow control element comprises a disc-shaped movable valve plate and a disc-shaped fixed valve plate; the movable valve plate coaxially stacks on the fixed valve plate under the action of fluid pressure; the inner magnet is fixed on the movable valve plate; a first fluid through hole and a second fluid through hole matched with each other are formed in the movable valve plate and the fixed valve plate, respectively; when the operation element moves relative to the housing, the movable valve plate rotates around a central axis thereof under the action of the magnetic force between the outer magnet and the inner magnet, thereby changing an overlapping area of the first fluid through hole and the second fluid through hole, wherein elastic elements are set in the housing and configured to elastically bias the movable valve plate on the fixed valve plate, wherein the housing comprises an inflow flange; the fluid inlet is formed in the inflow flange; an annular raceway is set on the inflow flange to surround the fluid inlet; a plurality of blind holes arranged at intervals in a circumferential direction of the movable valve plate are formed in the upstream end face of the movable valve plate; the elastic elements are springs arranged in the blind holes; one end of each spring props against the bottom of the corresponding blind hole, while the other end of the spring is configured to elastically bias a ball in the annular raceway.",0.5072768306828682,0.9854463386342636,,,,
